epoch,train_loss,test_rmse,test_mse,test_pearson,test_spearman,test_ci
1,3.5148768544197084,5.938281519804131,35.263187,0.1761478600564586,0.17674167541869842,0.5884579515612939
