epoch,train_loss,test_rmse,test_mse,test_pearson,test_spearman,test_ci
1,3.4083928684393565,1.0228634454642598,1.0462496,0.15885324753774047,0.17591402676378534,0.5877639464753524
2,0.963716592391332,2.4321215050674128,5.915215,0.16865412842798155,0.196061608334259,0.5983267513637753
3,0.880320425828298,0.928827833967655,0.86272115,0.42931855853694845,0.40036574742718295,0.7025339494705738
