epoch,train_loss,test_rmse,test_mse,test_pearson,test_spearman,test_ci
1,3.1095025459925334,5.008374829789494,25.083818,0.16486253472525464,0.1744531188099239,0.587678086096989
2,1.0633287409941354,4.899733960461607,24.007393,0.11565150814267826,0.13969329766887423,0.569729705989533
3,1.0110829492410025,1.1559575716304071,1.3362379,0.16291480521956103,0.1553151066696995,0.5777050272636377
4,0.9885684092839558,0.9975324226789094,0.99507093,0.40919993949541145,0.41968851755358,0.7125517190078655
5,0.9655756096045176,1.451230608854111,2.1060703,0.42664207660022463,0.4254247546526784,0.7156452644835973
