epoch,train_loss,test_rmse,test_mse,test_pearson,test_spearman,test_ci
1,3.1157293895880382,2.3012477227012726,5.295741,0.18520806479453397,0.20153040579958761,0.6015328649392508
